{
  "0.005": {
    "TpV": {
      "psnr_mean": 30.61546653243415,
      "psnr_std": 1.4961866675435886,
      "ssim_mean": 0.8766372116020003,
      "ssim_std": 0.01606543792205552
    },
    "UNet": {
      "psnr_mean": 31.97012453501223,
      "psnr_std": 1.679943944598316,
      "ssim_mean": 0.9239336999241454,
      "ssim_std": 0.015041207328806847
    },
    "DPS": {
      "psnr_mean": 30.64913888980294,
      "psnr_std": 1.608853275551605,
      "ssim_mean": 0.8833544882563104,
      "ssim_std": 0.018090606257230395
    },
    "PnP-HQS": {
      "psnr_mean": 36.71740018344373,
      "psnr_std": 1.1638830932936028,
      "ssim_mean": 0.9345915850898981,
      "ssim_std": 0.023330251355481092
    }
  },
  "0.01": {
    "TpV": {
      "psnr_mean": 30.506491772530495,
      "psnr_std": 1.4848316558707326,
      "ssim_mean": 0.8732960499795501,
      "ssim_std": 0.016162201075857485
    },
    "UNet": {
      "psnr_mean": 31.88124620177091,
      "psnr_std": 1.6595859237820807,
      "ssim_mean": 0.9196906786386327,
      "ssim_std": 0.013847100884899946
    },
    "DPS": {
      "psnr_mean": 30.468015716225313,
      "psnr_std": 1.5344796753983558,
      "ssim_mean": 0.8789999665362462,
      "ssim_std": 0.021049215526378787
    },
    "PnP-HQS": {
      "psnr_mean": 34.593918222280834,
      "psnr_std": 1.0426171868441527,
      "ssim_mean": 0.9250499562642691,
      "ssim_std": 0.013226442749159156
    }
  },
  "0.05": {
    "TpV": {
      "psnr_mean": 27.830444738330236,
      "psnr_std": 1.7475034082822087,
      "ssim_mean": 0.7265880149076506,
      "ssim_std": 0.09170276488840817
    },
    "UNet": {
      "psnr_mean": 28.369500194147815,
      "psnr_std": 1.365885852242086,
      "ssim_mean": 0.7334290513986662,
      "ssim_std": 0.07225342787013873
    },
    "DPS": {
      "psnr_mean": 29.84186401318171,
      "psnr_std": 1.28621726149807,
      "ssim_mean": 0.8484063361185846,
      "ssim_std": 0.01895650735964138
    },
    "PnP-HQS": {
      "psnr_mean": 26.433642024331135,
      "psnr_std": 3.1779006716833362,
      "ssim_mean": 0.662798838867559,
      "ssim_std": 0.15873344402512715
    }
  },
  "0.1": {
    "TpV": {
      "psnr_mean": 22.14896385227786,
      "psnr_std": 2.1179864625336458,
      "ssim_mean": 0.3983439277053648,
      "ssim_std": 0.10371558155164838
    },
    "UNet": {
      "psnr_mean": 23.898117655502467,
      "psnr_std": 1.5058852893953354,
      "ssim_mean": 0.5078854347631635,
      "ssim_std": 0.09158367041928979
    },
    "DPS": {
      "psnr_mean": 29.225836956213083,
      "psnr_std": 1.2890791619732915,
      "ssim_mean": 0.8063810237876281,
      "ssim_std": 0.01727391847631464
    },
    "PnP-HQS": {
      "psnr_mean": 19.395379389224843,
      "psnr_std": 1.732079391151318,
      "ssim_mean": 0.3499456494536966,
      "ssim_std": 0.10439928967616702
    }
  }
}